제목,카테고리,발행일,태그,,2025. 8. 1,2025. 8. 2,2025. 8. 3,2025. 8. 4,2025. 8. 5,2025. 8. 6,2025. 8. 7,2025. 8. 8,2025. 8. 9,2025. 8. 10,2025. 8. 11,2025. 8. 12,2025. 8. 13,2025. 8. 14,2025. 8. 15,2025. 8. 16,2025. 8. 17,2025. 8. 18,2025. 8. 19,2025. 8. 20,2025. 8. 21,2025. 8. 22,2025. 8. 23,2025. 8. 24,2025. 8. 25,2025. 8. 26,2025. 8. 27,2025. 8. 28,2025. 8. 29,2025. 8. 30,2025. 8. 31
오랜만에 R 복귀...,R,"Fri, 22 Aug 2025 20:23:34 +0900",,,LDPlayer vs MuMuPlayer,고전 게임 에뮬레이터 & 롬 파일 획득법,마인크래프트 베드락 에디션 : 렐름에 대하여,고전 게임 에뮬레이터 & 롬 파일 획득법,스타듀밸리 모바일 파일 관리!,precision and recall & ROC curve,Google Apps Script 사용 예,스타듀밸리 모바일 파일 관리!,마인크래프트 베드락 에디션 : 렐름에 대하여,헤이데이 팁 튜토리얼 / SuperCell HayDay,마인크래프트 베드락 에디션 : 렐름에 대하여,Google Apps Script 자동화 기술,고전 게임 에뮬레이터 & 롬 파일 획득법,엔버닉 RG35XX 게임 파일 넣는 방법... 레트로 게임기,엔버닉 RG35XX 게임 파일 넣는 방법... 레트로 게임기,고전 게임 에뮬레이터 & 롬 파일 획득법,스타듀밸리 모바일 파일 관리!,고전 게임 에뮬레이터 & 롬 파일 획득법,Google Apps Script 사용 예,마인크래프트 베드락 에디션 : 렐름에 대하여,안티 에일리어싱?,고전 게임 에뮬레이터 & 롬 파일 획득법,마인크래프트 베드락 에디션 : 렐름에 대하여,마인크래프트 베드락 에디션 : 렐름에 대하여,,,,,,,
0817,main(self),"Wed, 20 Aug 2025 20:09:29 +0900",,,PySpark... 오...,마인크래프트 베드락 에디션 : 렐름에 대하여,추이행렬,헤이데이 팁 튜토리얼 / SuperCell HayDay,마인크래프트 베드락 에디션 : 렐름에 대하여,LDPlayer vs MuMuPlayer,Google Apps Script 자동화 기술,4K Youtube to MP3,정보 엔트로피와 정보 이득,엔버닉 RG35XX 게임 파일 넣는 방법... 레트로 게임기,Google Workspace,고전 게임 에뮬레이터 & 롬 파일 획득법,스타듀밸리 모바일 파일 관리!,Google Apps Script 자동화 기술,안티 에일리어싱?,마인크래프트 베드락 에디션 : 렐름에 대하여,마인크래프트 베드락 에디션 : 렐름에 대하여,Google Apps Script 자동화 기술,고전 게임 에뮬레이터 & 롬 파일 획득법,Google Apps Script 자동화 기술,헤이데이 팁 튜토리얼 / SuperCell HayDay,안티 에일리어싱?,"고유값과, 고유벡터 & 고유공간 구하기",헤이데이 팁 튜토리얼 / SuperCell HayDay,,,,,,,
0819,main(self),"Tue, 19 Aug 2025 20:00:22 +0900",,,고전 게임 에뮬레이터 & 롬 파일 획득법,역행렬 구하는 방법 : 공식,스타듀밸리 모바일 파일 관리!,Google Apps Script 자동화 기술,네트워크 & 데이터 통신 이론,신경망 이론 (1),Flutter 설치하기 - 초기 개발 환경 구성,Google Apps Script 사용 예,LDPlayer vs MuMuPlayer,"고유값과, 고유벡터 & 고유공간 구하기",고전 게임 에뮬레이터 & 롬 파일 획득법,스타듀밸리 모바일 파일 관리!,마인크래프트 베드락 에디션 : 렐름에 대하여,VSCode - GitHub repository 가져오기,헤이데이 팁 튜토리얼 / SuperCell HayDay,Google Apps Script 자동화 기술,고전 게임 에뮬레이터 & 롬 파일 획득법,게임 관리 어플리케이션 하나...,엔버닉 RG35XX 게임 파일 넣는 방법... 레트로 게임기,안티 에일리어싱?,엔버닉 RG35XX 게임 파일 넣는 방법... 레트로 게임기,마인크래프트 베드락 에디션 : 렐름에 대하여,고전 게임 에뮬레이터 & 롬 파일 획득법,LDPlayer vs MuMuPlayer,,,,,,,
0818,main(self),"Mon, 18 Aug 2025 18:30:22 +0900",,,엔버닉 RG35XX 게임 파일 넣는 방법... 레트로 게임기,추이행렬,Flutter 설치하기 - 초기 개발 환경 구성,윈도우즈 개꿀 단축키,고전 게임 에뮬레이터 & 롬 파일 획득법,Kaggle 데이터셋 업로드 & 노트북 생성법,sqflite Code,파이썬 : 벤포드의 법칙,고전 게임 에뮬레이터 & 롬 파일 획득법,고전 게임 에뮬레이터 & 롬 파일 획득법,Google Apps Script 사용 예,마인크래프트 베드락 에디션 : 렐름에 대하여,2진수와 10진수,LDPlayer vs MuMuPlayer,고전 게임 에뮬레이터 & 롬 파일 획득법,스타듀밸리 모바일 파일 관리!,헤이데이 팁 튜토리얼 / SuperCell HayDay,헤이데이 팁 튜토리얼 / SuperCell HayDay,추이행렬,고전 게임 에뮬레이터 & 롬 파일 획득법,0819,Google Apps Script 자동화 기술,스타듀밸리 모바일 파일 관리!,엔버닉 RG35XX 게임 파일 넣는 방법... 레트로 게임기,,,,,,,
0816,main(self),"Sat, 16 Aug 2025 08:10:59 +0900",,,Flutter 설치하기 - 초기 개발 환경 구성,안티 에일리어싱?,2진수와 10진수,Termux on Android,Termux on Android,Google Apps Script 사용 예,마인크래프트 베드락 에디션 : 렐름에 대하여,선형대수의 기저,스타듀밸리 모바일 파일 관리!,.DB 파일을 .csv 또는 엑셀로 옮기기!,Google Apps Script 자동화 기술,자동화 기술의 핵심은...,추이행렬,스타듀밸리 모바일 파일 관리!,마인크래프트 베드락 에디션 : 렐름에 대하여,엔버닉 RG35XX 게임 파일 넣는 방법... 레트로 게임기,엔버닉 RG35XX 게임 파일 넣는 방법... 레트로 게임기,Google Apps Script 사용 예,MySQL 설치하기,역행렬 구하는 방법 : 공식,RG35XX 기본 & 한방 팩 운영체제 비교,LDPlayer vs MuMuPlayer,엔버닉 RG35XX 게임 파일 넣는 방법... 레트로 게임기,안티 에일리어싱?,,,,,,,
0813,main(self),"Wed, 13 Aug 2025 18:07:38 +0900",,,,,,,,,,,,,,,,,,,,,,,,,,,,,,,,,
0806,main(self),"Wed, 06 Aug 2025 18:32:41 +0900",,,조회수 :  35,조회수 : 12,조회수 : 29,조회수 : 46,조회수 : 33,조회수 : 25,조회수 : 35,조회수 : 26,조회수 : 27,조회수 : 36,조회수 : 27,조회수 : 52,조회수 : 61,조회수 : 65,조회수 : 75,조회수 : 72,조회수 : 74,조회수 : 61,조회수 : 83,조회수 : 58,조회수 : 70,조회수 : 76,조회수 : 25,조회수 : 62,조회수 : ,조회수 : ,조회수 : ,조회수 : ,조회수 : ,조회수 : ,조회수 : 
Snapseed 써서 필름 카메라 느낌으로 보정하기,취미,"Mon, 04 Aug 2025 18:19:42 +0900",,,광고노출수 : 0,광고노출수 : 0,광고노출수 : 0,광고노출수 : 0,광고노출수 : 0,광고노출수 : 0,광고노출수 : 0,광고노출수 : 9,광고노출수 : 36,광고노출수 : 21,광고노출수 : 44,광고노출수 : 102,광고노출수 : 104,광고노출수 : 100,광고노출수 : 125,광고노출수 : 142,광고노출수 : 127,광고노출수 : 106,광고노출수 : 164,광고노출수 : 125,광고노출수 : 127,광고노출수 : 146,광고노출수 : 37,광고노출수 : 97,광고노출수 : ,광고노출수 : ,광고노출수 : ,광고노출수 : ,광고노출수 : ,광고노출수 : ,광고노출수 : 
,,,,,광고클릭수 :0,광고클릭수 : 0,광고클릭수 : 0,광고클릭수 : 0,광고클릭수 : 0,광고클릭수 : 0,광고클릭수 : 0,광고클릭수 : 0,광고클릭수 : 0,광고클릭수 : 0,광고클릭수 : 0,광고클릭수 : 9,광고클릭수 : 6,광고클릭수 : 6,광고클릭수 : 10,광고클릭수 : 11,광고클릭수 : 14,광고클릭수 : 12,광고클릭수 : 18,광고클릭수 : 11,광고클릭수 : 15,광고클릭수 : 15,광고클릭수 : 0,광고클릭수 : 13,광고클릭수 :,광고클릭수 :,광고클릭수 :,광고클릭수 :,광고클릭수 :,광고클릭수 :,광고클릭수 :
,,,,,예상 수익 : 0,예상 수익 : 0,예상 수익 : 0,예상 수익 : 0,예상 수익 : 0,예상 수익 : 0,예상 수익 : 0,예상 수익 : 0,예상 수익 : 0,예상 수익 : 0,예상 수익 : 2,예상 수익 : 5903,예상 수익 : 1424,예상 수익 : 1649,예상 수익 : 5909,예상 수익 : 5716,예상 수익 : 10831,예상 수익 : 4412,예상 수익 : 4307,예상 수익 : 5386,예상 수익 : 8543,예상 수익 : 13069,예상 수익 : 1,예상 수익 : 7997,예상 수익 : ,예상 수익 : ,예상 수익 : ,예상 수익 : ,예상 수익 : ,예상 수익 : ,예상 수익 : 